title,company,url
Backend Python Developer,Itemize,stackoverflow,https://stackoverflow.com/jobs/495699/backend-python-developer-itemize
Python Developer,UKG (Ultimate Kronos Group),stackoverflow,https://stackoverflow.com/jobs/487629/python-developer-ukg-ultimate-kronos-group
Senior Software Engineer - Python,DIGARC,stackoverflow,https://stackoverflow.com/jobs/425402/senior-software-engineer-python-digarc
Senior Backend Engineer (Python),HealthJoy,stackoverflow,https://stackoverflow.com/jobs/454589/senior-backend-engineer-python-healthjoy
Senior Python Developer (w/m/d),Ambient Innovation: GmbH,stackoverflow,https://stackoverflow.com/jobs/493874/senior-python-developer-w-m-d-ambient-innovation-gmbh
Python Web Developer,RavenPack International SL.,stackoverflow,https://stackoverflow.com/jobs/470988/python-web-developer-ravenpack-international-sl
Experienced Python Backend Engineer for growing start up!,This Land Inc dba Sunday,stackoverflow,https://stackoverflow.com/jobs/474459/experienced-python-backend-engineer-for-growing-this-land-inc-dba-sunday
Senior Backend Engineer (Python/Django),Chaturbate,stackoverflow,https://stackoverflow.com/jobs/271844/senior-backend-engineer-python-django-chaturbate
Independent & Self-motivated Senior Python Backend Developer,Seez,stackoverflow,https://stackoverflow.com/jobs/394457/independent-self-motivated-senior-python-seez
"Full Stack Software Engineer (Python, Vue, Shopify)",Opinew,stackoverflow,https://stackoverflow.com/jobs/484286/full-stack-software-engineer-python-vue-opinew
Python/Javascript Engineer,Memri B.V,stackoverflow,https://stackoverflow.com/jobs/495079/python-javascript-engineer-memri-bv
Python Developer,YouGov,stackoverflow,https://stackoverflow.com/jobs/494238/python-developer-yougov
Python Developer,Flashpoint,stackoverflow,https://stackoverflow.com/jobs/483496/python-developer-flashpoint
"Back End Engineer - (Python, Node)",Modus Create,stackoverflow,https://stackoverflow.com/jobs/496836/back-end-engineer-python-node-modus-create
Software Engineer - Python,Canonical,stackoverflow,https://stackoverflow.com/jobs/451978/software-engineer-python-canonical
Python Developer / Data Engineer (SQL) (Remote U.S. Only),X-Team,stackoverflow,https://stackoverflow.com/jobs/497851/python-developer-data-engineer-sql-remote-x-team
Senior Backend Engineer (Python) - Remote,Plentific,stackoverflow,https://stackoverflow.com/jobs/497076/senior-backend-engineer-python-remote-plentific
Python Developer [m/w/x],Skalar Systems,stackoverflow,https://stackoverflow.com/jobs/484866/python-developer-m-w-x-skalar-systems
Python Backend Lead Engineer,Geomagical Labs,stackoverflow,https://stackoverflow.com/jobs/492299/python-backend-lead-engineer-geomagical-labs
"Back End Engineer (Python, Pandas) - Remote, US",Modus Create,stackoverflow,https://stackoverflow.com/jobs/496586/back-end-engineer-python-pandas-remote-us-modus-create
Python Developer,BairesDev LLC,stackoverflow,https://stackoverflow.com/jobs/485551/python-developer-bairesdev-llc
Customer Support Engineer (Python),Zyte (formerly Scrapinghub),stackoverflow,https://stackoverflow.com/jobs/493226/customer-support-engineer-python-zyte-formerly-scrapinghub
Python Engineer,"TileDB, Inc.",stackoverflow,https://stackoverflow.com/jobs/419347/python-engineer-tiledb-inc
"Senior Machine Learning Engineer (Python, TensorFlow)",The Meet Group,stackoverflow,https://stackoverflow.com/jobs/496024/senior-machine-learning-engineer-python-the-meet-group
Python Engineer,Overloop,stackoverflow,https://stackoverflow.com/jobs/491914/python-engineer-overloop
Senior Python and Machine Learning Engineer - Remote - EU Time Zone,CVEDIA,weworkremotely,https://weworkremotely.com/remote-jobs/cvedia-senior-python-and-machine-learning-engineer-remote-eu-time-zone
Sr. Python Engineer,EveryoneSocial,weworkremotely,https://weworkremotely.com/remote-jobs/everyonesocial-sr-python-engineer
Principle Backend Engineer (Python) - 100% Remote,Cazana,weworkremotely,https://weworkremotely.com/remote-jobs/cazana-principle-backend-engineer-python-100-remote
Senior Python Engineer,DataKitchen,weworkremotely,https://weworkremotely.com/remote-jobs/datakitchen-senior-python-engineer
"Open Source Developer & DevOps (Python, Django, React, AWS/OpenStack)",OpenCraft,weworkremotely,https://weworkremotely.com/remote-jobs/opencraft-open-source-developer-devops-python-django-react-aws-openstack
(Senior) Python Full Stack Software Developer,Optimile,weworkremotely,https://weworkremotely.com/remote-jobs/optimile-senior-python-full-stack-software-developer
"Software Engineer - Python, Remote",Myagi,weworkremotely,https://weworkremotely.com/remote-jobs/myagi-software-engineer-python-remote
Python Developer / Data Engineer (SQL) (U.S. Based),X-Team,weworkremotely,https://weworkremotely.com/remote-jobs/x-team-python-developer-data-engineer-sql-u-s-based
Senior Python Backend Engineer - REMOTE,Synergy Sports,weworkremotely,https://weworkremotely.com/remote-jobs/synergy-sports-senior-python-backend-engineer-remote
Python Full Stack Software Developer (senior) - remote,Bubbling,weworkremotely,https://weworkremotely.com/remote-jobs/bubbling-python-full-stack-software-developer-senior-remote-1
Python Developer/ML/Data Engineer (U.S. Only),X-Team,weworkremotely,https://weworkremotely.com/remote-jobs/x-team-python-developer-ml-data-engineer-u-s-only
Python Lead Engineer,Nearsure,weworkremotely,https://weworkremotely.com/remote-jobs/nearsure-python-lead-engineer-1
Full Stack Developer (Python & Vue.js),Unhaggle Inc.,weworkremotely,https://weworkremotely.com/remote-jobs/unhaggle-inc-full-stack-developer-python-vue-js-2
Senior Python/C++ Engineer,X-Team,weworkremotely,https://weworkremotely.com/remote-jobs/x-team-senior-python-c-engineer
Python Developer Coach,Raise.dev,weworkremotely,https://weworkremotely.com/remote-jobs/raise-dev-python-developer-coach
"Senior Full Stack Engineer, Python and JS | REMOTE",Synergy Sports ,weworkremotely,https://weworkremotely.com/remote-jobs/synergy-sports-senior-full-stack-engineer-python-and-js-remote
Founding Lead Backend Engineer - Python,Washington Abstract,weworkremotely,https://weworkremotely.com/remote-jobs/washington-abstract-founding-lead-backend-engineer-python
None,None,weworkremotely,https://weworkremotely.com/categories/remote-programming-jobs
Manager Toolchain Software Engineering,DataKitchen,remoteok,https://remoteok.io/remote-jobs/101765-remote-manager-toolchain-software-engineering-datakitchen
Senior Backend Software Engineers,Argyle,remoteok,https://remoteok.io/remote-jobs/101553-remote-senior-backend-software-engineers-argyle
Senior Software Engineer,Muck Rack,remoteok,https://remoteok.io/remote-jobs/101485-remote-senior-software-engineer-muck-rack
Senior Python Django Developer,ZibaSec,remoteok,https://remoteok.io/remote-jobs/101445-remote-senior-python-django-developer-zibasec
Senior Software Engineer,Muck Rack,remoteok,https://remoteok.io/remote-jobs/101377-remote-senior-software-engineer-muck-rack
Software Engineer,Argyle,remoteok,https://remoteok.io/remote-jobs/100929-remote-software-engineer-argyle
Senior Software Engineer,Iterative,remoteok,https://remoteok.io/remote-jobs/99244-remote-senior-software-engineer-iterative
Senior Python Developer,Ambient Innovation,remoteok,https://remoteok.io/remote-jobs/101685-remote-senior-python-developer-ambient-innovation
Senior Software Engineer,Administrate,remoteok,https://remoteok.io/remote-jobs/101155-remote-senior-software-engineer-administrate
Senior Software Engineer,Welcome,remoteok,https://remoteok.io/remote-jobs/101139-remote-senior-software-engineer-welcome
DevOps Software Engineer,The Linux Foundation,remoteok,https://remoteok.io/remote-jobs/100705-remote-devops-software-engineer-the-linux-foundation
Senior Python Engineer,DataKitchen,remoteok,https://remoteok.io/remote-jobs/100682-remote-senior-python-engineer-datakitchen
Software Engineer,Ampcontrol.io,remoteok,https://remoteok.io/remote-jobs/100578-remote-software-engineer-ampcontrol-io
Full Stack Developer,HelloMaaS,remoteok,https://remoteok.io/remote-jobs/100554-remote-full-stack-developer-hellomaas
Web Developer,LearnCube,remoteok,https://remoteok.io/remote-jobs/100457-remote-web-developer-learncube
Senior Software Engineer,NannyML,remoteok,https://remoteok.io/remote-jobs/100441-remote-senior-software-engineer-nannyml
Full Stack Developer,Earning Together,remoteok,https://remoteok.io/remote-jobs/100005-remote-full-stack-developer-earning-together
Python Engineer,Intent Technologies,remoteok,https://remoteok.io/remote-jobs/100003-remote-python-engineer-intent-technologies
Senior Developer,Toptal,remoteok,https://remoteok.io/remote-jobs/99898-remote-senior-developer-toptal
Senior Backend Developer,Clarity Movement Co.,remoteok,https://remoteok.io/remote-jobs/99896-remote-senior-backend-developer-clarity-movement-co
Backend Developer Data Scientist,komoot,remoteok,https://remoteok.io/remote-jobs/99798-remote-backend-developer-data-scientist-komoot
Senior Front End Developer,PolySwarm,remoteok,https://remoteok.io/remote-jobs/99794-remote-senior-front-end-developer-polyswarm
Senior Software Engineer,JetBridge,remoteok,https://remoteok.io/remote-jobs/99792-remote-senior-software-engineer-jetbridge
Sr Software Engineer React React Native,Very LLC,remoteok,https://remoteok.io/remote-jobs/99730-remote-sr-software-engineer-react-react-native-very-llc
Senior Full Stack Engineer,GooseChase,remoteok,https://remoteok.io/remote-jobs/99701-remote-senior-full-stack-engineer-goosechase
Back end Developer,InReach Ventures,remoteok,https://remoteok.io/remote-jobs/99530-remote-back-end-developer-inreach-ventures
Senior Back End Engineer,Beyond Pricing,remoteok,https://remoteok.io/remote-jobs/99409-remote-senior-back-end-engineer-beyond-pricing
Senior Software Engineer,Muck Rack,remoteok,https://remoteok.io/remote-jobs/99378-remote-senior-software-engineer-muck-rack
Senior Software Engineer,Netdata Inc,remoteok,https://remoteok.io/remote-jobs/99258-remote-senior-software-engineer-netdata-inc
Lead back end developer,Simpleweb,remoteok,https://remoteok.io/remote-jobs/99178-remote-lead-back-end-developer-simpleweb
Full Stack Developer,Coconut ,remoteok,https://remoteok.io/remote-jobs/99168-remote-full-stack-developer-coconut
Freelance Backend Developer,Toptal,remoteok,https://remoteok.io/remote-jobs/99118-remote-freelance-backend-developer-remote-toptal
Lead Full Stack Software Engineer,Prominent Edge,remoteok,https://remoteok.io/remote-jobs/97397-remote-lead-full-stack-software-engineer-prominent-edge
Full Stack Python JS Developer,Fjelltopp,remoteok,https://remoteok.io/remote-jobs/97053-remote-full-stack-python-js-developer-fjelltopp
Python Django Software Engineer,WP Media,remoteok,https://remoteok.io/remote-jobs/96938-remote-python-django-software-engineer-wp-media
Software Engineer Security,Doximity,remoteok,https://remoteok.io/remote-jobs/86398-remote-software-engineer-security-doximity
Django Developer,Mainvest,remoteok,https://remoteok.io/remote-jobs/86390-remote-django-developer-mainvest
Software Engineer,"PrintWithMe, Inc.",remoteok,https://remoteok.io/remote-jobs/86265-remote-software-engineer-printwithme-inc
Python Developer,Backtracks.fm,remoteok,https://remoteok.io/remote-jobs/86257-remote-python-developer-backtracks-fm
Software Engineer,Simple Poll,remoteok,https://remoteok.io/remote-jobs/85261-remote-software-engineer-full-stack-simple-poll
Freelance Python Developer,Toptal,remoteok,https://remoteok.io/remote-jobs/85053-remote-freelance-python-developer-remote-toptal
DevOps Python Django SaaS Developer,WP Media,remoteok,https://remoteok.io/remote-jobs/84795-remote-devops-python-django-saas-developer-wp-media
Senior Python Developer,Remotesome,remoteok,https://remoteok.io/remote-jobs/84524-remote-senior-python-developer-remotesome
Lead Backend Developer,Kokoon Technology Ltd,remoteok,https://remoteok.io/remote-jobs/84313-remote-lead-backend-developer-remote-kokoon-technology-ltd
Backend Developer,Jetcake,remoteok,https://remoteok.io/remote-jobs/83559-remote-backend-developer-jetcake
ELK Stack Developer,Atlastix,remoteok,https://remoteok.io/remote-jobs/77164-remote-elk-stack-developer-atlastix
Full Stack Django Developer,Wildfish,remoteok,https://remoteok.io/remote-jobs/77074-remote-full-stack-django-developer-wildfish
Full Stack Developer,REPAY,remoteok,https://remoteok.io/remote-jobs/77035-remote-full-stack-developer-python-repay
Software Engineer Full Stack,Doximity,remoteok,https://remoteok.io/remote-jobs/76493-remote-software-engineer-full-stack-doximity
Senior Software Engineer,Iterative,remoteok,https://remoteok.io/remote-jobs/76126-remote-senior-software-engineer-iterative
Developer Senior Developer,MVPF,remoteok,https://remoteok.io/remote-jobs/75960-remote-developer-or-senior-developer-mvpf
Full Stack Web Developer,GooseChase,remoteok,https://remoteok.io/remote-jobs/75932-remote-full-stack-web-developer-goosechase
Senior Full Stack Developer,Pupil Labs,remoteok,https://remoteok.io/remote-jobs/75838-remote-senior-full-stack-developer-pupil-labs
Senior Full Stack Developer,PolySwarm,remoteok,https://remoteok.io/remote-jobs/75742-remote-senior-full-stack-developer-polyswarm
Full Stack Developer Fully Startup,Specula.io,remoteok,https://remoteok.io/remote-jobs/75688-remote-sr-full-stack-developer-node-vue-typescript-python-sql-elastic-fully-remote-startup-specula-io
Senior Front End Developer,PolySwarm,remoteok,https://remoteok.io/remote-jobs/75673-remote-senior-front-end-developer-polyswarm
Senior Software Engineer,Snowdrop,remoteok,https://remoteok.io/remote-jobs/75658-remote-senior-software-engineer-snowdrop
Full Stack Developer,SilviaTerra,remoteok,https://remoteok.io/remote-jobs/75473-remote-full-stack-developer-silviaterra
Senior DevOps Engineer,"ORCID, Inc.",remoteok,https://remoteok.io/remote-jobs/75009-remote-senior-devops-engineer-orcid-inc-
Software Engineer Data,Doximity,remoteok,https://remoteok.io/remote-jobs/74936-remote-software-engineer-data-product-integration-doximity
Full stack Software Engineer,Fraym,remoteok,https://remoteok.io/remote-jobs/74444-remote-full-stack-software-engineer-fraym
Senior Backend Engineer Golang Focus,DL Remote,remoteok,https://remoteok.io/remote-jobs/74351-remote-senior-backend-engineer-golang-focus-remote-dl-remote
Senior Backend Developer,WeTravel,remoteok,https://remoteok.io/remote-jobs/74163-remote-senior-backend-developer-wetravel
Software Engineer,AlphaSights,remoteok,https://remoteok.io/remote-jobs/73979-remote-software-engineer-alphasights
Sr Full Stack Developer Django,Circuit Stream,remoteok,https://remoteok.io/remote-jobs/73837-remote-sr-full-stack-developer-django-circuit-stream
Python Back end Web Developer,Soshace,remoteok,https://remoteok.io/remote-jobs/73701-remote-remote-python-back-end-web-developer-soshace
Full Stack Software Engineer,SlashData,remoteok,https://remoteok.io/remote-jobs/73663-remote-full-stack-software-engineer-js-slashdata
Software Engineer Data,Doximity,remoteok,https://remoteok.io/remote-jobs/73235-remote-software-engineer-data-doximity
Senior Full Stack Engineer,Interview Schedule,remoteok,https://remoteok.io/remote-jobs/73058-remote-senior-full-stack-engineer-interview-schedule
Senior Software Engineer Backend,Close,remoteok,https://remoteok.io/remote-jobs/72794-remote-senior-software-engineer-backend-100-remote-close
Senior Python Developer,causaLens,remoteok,https://remoteok.io/remote-jobs/72638-remote-senior-python-developer-causalens
Full Stack Developer,PolySwarm,remoteok,https://remoteok.io/remote-jobs/72406-remote-full-stack-developer-polyswarm
Senior Full Stack Developer,Pupil Labs,remoteok,https://remoteok.io/remote-jobs/72045-remote-senior-full-stack-developer-pupil-labs
Software Engineer Service Reliability,Doximity,remoteok,https://remoteok.io/remote-jobs/71432-remote-software-engineer-service-reliability-doximity
Software Engineer Ruby Javascript,Doximity,remoteok,https://remoteok.io/remote-jobs/71367-remote-software-engineer-ruby-javascript-doximity
Software Engineer Data,Doximity,remoteok,https://remoteok.io/remote-jobs/71325-remote-software-engineer-data-product-integration-doximity
Senior Full Stack Developer with React experience,Codelitt,remoteok,https://remoteok.io/remote-jobs/71132-remote-senior-full-stack-developer-with-react-experience-codelitt
Lead Software Engineer,Hubbub,remoteok,https://remoteok.io/remote-jobs/71202-remote-lead-software-engineer-hubbub
Full Stack Web Developer,GooseChase,remoteok,https://remoteok.io/remote-jobs/70987-remote-full-stack-web-developer-goosechase
Python Developer,MADE.com,remoteok,https://remoteok.io/remote-jobs/70764-remote-python-developer-made-com
Web Developer,Tao Leadership,remoteok,https://remoteok.io/remote-jobs/70590-remote-web-developer-tao-leadership
Backend Web Developer,Circuit Stream,remoteok,https://remoteok.io/remote-jobs/70003-remote-backend-web-developer-circuit-stream
Staff Site Reliability Engineer,CircleCI,remoteok,https://remoteok.io/remote-jobs/69933-remote-staff-site-reliability-engineer-sre-circleci
Full Stack Developer with React experience,Codelitt,remoteok,https://remoteok.io/remote-jobs/69888-remote-full-stack-developer-with-react-experience-codelitt
Senior Software Engineer Python,Doximity,remoteok,https://remoteok.io/remote-jobs/69245-remote-senior-software-engineer-python-doximity
Python Back end web developer,Soshace,remoteok,https://remoteok.io/remote-jobs/69076-remote-python-back-end-web-developer-soshace
Full Stack Developer,Upstack Technologies Inc.,remoteok,https://remoteok.io/remote-jobs/69034-remote-full-stack-developer-upstack-technologies-inc-
Open Source Developer DevOps,OpenCraft,remoteok,https://remoteok.io/remote-jobs/69030-remote-open-source-developer-devops-opencraft
Senior Software Engineer Security Video Integration,GeoComm,remoteok,https://remoteok.io/remote-jobs/68982-remote-senior-software-engineer-security-video-integration-geocomm
Frontend Python Developer,Screenly,remoteok,https://remoteok.io/remote-jobs/68892-remote-frontend-and-python-developer-screenly
Senior Software Engineer,Property Meld,remoteok,https://remoteok.io/remote-jobs/68749-remote-senior-software-engineer-property-meld
Python Developer,CoGrammar,remoteok,https://remoteok.io/remote-jobs/68679-remote-python-developer-cogrammar
Full Stack Software Engineer,Merchbar,remoteok,https://remoteok.io/remote-jobs/68296-remote-full-stack-software-engineer-merchbar
Python Developer,Pentalog,remoteok,https://remoteok.io/remote-jobs/100839-remote-python-developer-pentalog
Python Web Developer,RavenPack International SL,remoteok,https://remoteok.io/remote-jobs/100836-remote-python-web-developer-ravenpack-international-sl
Jr Mid React Python Developer,Compugain,remoteok,https://remoteok.io/remote-jobs/100695-remote-jr-mid-react-python-developer-compugain
Python Developer,Mako Medical,remoteok,https://remoteok.io/remote-jobs/99941-remote-python-developer-mako-medical
Python Developer,CMAS Systems,remoteok,https://remoteok.io/remote-jobs/99676-remote-python-developer-cmas-systems
Senior Python Developer,Findaway World,remoteok,https://remoteok.io/remote-jobs/99575-remote-senior-python-developer-findaway-world
Python C Developer,HealthLumen,remoteok,https://remoteok.io/remote-jobs/99294-remote-python-c-developer-healthlumen
Senior Python Developer,Findaway,remoteok,https://remoteok.io/remote-jobs/99062-remote-senior-python-developer-findaway
Python Developer,BairesDev,remoteok,https://remoteok.io/remote-jobs/98788-remote-python-developer-bairesdev
SR Django Developer,Trafilea,remoteok,https://remoteok.io/remote-jobs/98666-remote-sr-django-developer-trafilea
Senior Software Engineer Python Tornado AWS,Verys,remoteok,https://remoteok.io/remote-jobs/98654-remote-senior-software-engineer-python-tornado-aws-verys
Python Developer,YouGov,remoteok,https://remoteok.io/remote-jobs/98637-remote-python-developer-yougov
Principal Python Software Developer,Railroad19,remoteok,https://remoteok.io/remote-jobs/98621-remote-principal-python-software-developer-railroad19
Experienced Python Developer,ShipHero,remoteok,https://remoteok.io/remote-jobs/98580-remote-experienced-python-developer-shiphero
Senior Full Stack Python Developer,REPAY,remoteok,https://remoteok.io/remote-jobs/98420-remote-senior-full-stack-python-developer-repay
Senior Python Developer,Adspert Bidmanagement,remoteok,https://remoteok.io/remote-jobs/98409-remote-senior-python-developer-adspert-bidmanagement
Expert Django Developer,AppEvolve,remoteok,https://remoteok.io/remote-jobs/98165-remote-expert-django-developer-appevolve
Python Developer,PeopleDoc,remoteok,https://remoteok.io/remote-jobs/98046-remote-python-developer-peopledoc
Senior Python Developer,Flashpoint,remoteok,https://remoteok.io/remote-jobs/97840-remote-senior-python-developer-flashpoint
Python Developer,UCRAFT,remoteok,https://remoteok.io/remote-jobs/97815-remote-python-developer-ucraft
Python Developer,Upstack,remoteok,https://remoteok.io/remote-jobs/97638-remote-python-developer-upstack
Python Full Stack Developer,REPAY,remoteok,https://remoteok.io/remote-jobs/97466-remote-python-full-stack-developer-repay
Python Developer,Bitedge,remoteok,https://remoteok.io/remote-jobs/97419-remote-python-developer-bitedge
Expert Django Developer,DjangoForce,remoteok,https://remoteok.io/remote-jobs/97248-remote-expert-django-developer-djangoforce
Senior Software Engineer Python,Verys,remoteok,https://remoteok.io/remote-jobs/97215-remote-senior-software-engineer-python-verys
Integrations Full Stack Python Developer,REPAY,remoteok,https://remoteok.io/remote-jobs/97110-remote-integrations-full-stack-python-developer-repay
Senior Django Developer,Scalable Path,remoteok,https://remoteok.io/remote-jobs/86775-remote-senior-django-developer-scalable-path
Senior Python Developer,We Are Common,remoteok,https://remoteok.io/remote-jobs/86754-remote-senior-python-developer-we-are-common
Jr Python Developer,AppEvolve,remoteok,https://remoteok.io/remote-jobs/86685-remote-jr-python-developer-appevolve
Senior Software Engineer,Routable,remoteok,https://remoteok.io/remote-jobs/86632-remote-senior-software-engineer-python-django-routable
Full Stack Developer Node.js Python Go Autonomy Flexibility New Team,Oscatel,remoteok,https://remoteok.io/remote-jobs/87096-remote-full-stack-developer-node-js-python-go-autonomy-flexibility-new-team-oscatel
Senior Python Developer,Backtracks,remoteok,https://remoteok.io/remote-jobs/87344-remote-senior-python-developer-backtracks
Python Django Developer,Scanslated,remoteok,https://remoteok.io/remote-jobs/87085-remote-python-django-developer-scanslated
Senior Python Developer,X-Team,remoteok,https://remoteok.io/remote-jobs/87002-remote-senior-python-developer-x-team
Independent Self motivated Python Backend Developer,Seez,remoteok,https://remoteok.io/remote-jobs/85325-remote-independent-self-motivated-python-backend-developer-seez
Senior Python Developer,Surge,remoteok,https://remoteok.io/remote-jobs/85309-remote-senior-python-developer-surge
Python Developer m w x,Skalar Systems,remoteok,https://remoteok.io/remote-jobs/85239-remote-python-developer-m-w-x-skalar-systems
Senior Python Developer,Level Agency,remoteok,https://remoteok.io/remote-jobs/84956-remote-senior-python-developer-level-agency
FULL Stack Django Developer Project Leader,Scalable Path,remoteok,https://remoteok.io/remote-jobs/84941-remote-full-stack-django-developer-project-leader-scalable-path
Senior Python Developer,ShipHero,remoteok,https://remoteok.io/remote-jobs/83869-remote-senior-python-developer-shiphero
Python Backend Developer,Exputec,remoteok,https://remoteok.io/remote-jobs/83854-remote-python-backend-developer-exputec
Python Backend Developer 100,Clevertech,remoteok,https://remoteok.io/remote-jobs/83231-remote-python-backend-developer-100-clevertech
React Python Developer 100,Clevertech,remoteok,https://remoteok.io/remote-jobs/83127-remote-react-python-developer-100-clevertech
Python Back end Developer,Soshace,remoteok,https://remoteok.io/remote-jobs/83097-remote-python-back-end-developer-soshace
100% Python React Developer,Clevertech,remoteok,https://remoteok.io/remote-jobs/82984-remote-100-python-react-developer-clevertech
API Software Engineer Python,ReCharge Payments,remoteok,https://remoteok.io/remote-jobs/77226-remote-api-software-engineer-python-recharge-payments
Full stack React Django Developer,Soshace,remoteok,https://remoteok.io/remote-jobs/76912-remote-full-stack-react-django-developer-soshace
Python Developer,Scrapinghub,remoteok,https://remoteok.io/remote-jobs/76269-remote-python-developer-scrapinghub
Code Challenge Reviewer 100% Â£50 per hour Java JavaScript PHP Python C# Ruby CSS HTML SQL Scala iOS Android,Geektastic,remoteok,https://remoteok.io/remote-jobs/76263-remote-code-challenge-reviewer-100-50-per-hour-java-javascript-php-python-c-ruby-css-html-sql-scala-ios-android-geektastic
Back end Django Developer,Soshace,remoteok,https://remoteok.io/remote-jobs/76164-remote-back-end-django-developer-soshace
Permanent Django Developer,Pivotal Energy Solutions,remoteok,https://remoteok.io/remote-jobs/76108-remote-permanent-django-developer-pivotal-energy-solutions
Back End Python Developer,Pluralsight,remoteok,https://remoteok.io/remote-jobs/75766-remote-back-end-python-developer-pluralsight
Full stack Developer With React Django,Soshace,remoteok,https://remoteok.io/remote-jobs/75542-remote-full-stack-developer-with-react-django-soshace
Senior Python Developer,CVEDIA,remoteok,https://remoteok.io/remote-jobs/75073-remote-senior-python-developer-cvedia
Principle Python Software Engineer,Labster,remoteok,https://remoteok.io/remote-jobs/74984-remote-principle-python-software-engineer-labster
Senior Python Developer,DomainTools,remoteok,https://remoteok.io/remote-jobs/74941-remote-senior-python-developer-domaintools
Senior Python Developer Django Flask,Clevertech,remoteok,https://remoteok.io/remote-jobs/74857-remote-senior-python-developer-django-flask-clevertech
Quantitative Developer Python,Clevertech,remoteok,https://remoteok.io/remote-jobs/74388-remote-quantitative-developer-python-clevertech
Senior Python Developer Quantitative Modeling,Clevertech,remoteok,https://remoteok.io/remote-jobs/74363-remote-senior-python-developer-quantitative-modeling-clevertech
Python C Developer,Clevertech,remoteok,https://remoteok.io/remote-jobs/74190-remote-python-c-developer-clevertech
Senior Python Software Engineer,Labster,remoteok,https://remoteok.io/remote-jobs/74183-remote-senior-python-software-engineer-labster
Senior Embedded Linux Developer with Python 100% Flexible hours,3 other jobs Analytics Fire,remoteok,https://remoteok.io/remote-jobs/74065-remote-senior-embedded-linux-developer-with-python-100-flexible-hours-3-other-jobs-analytics-fire
Senior Python Developer Interested Finance,Capital,remoteok,https://remoteok.io/remote-jobs/74264-remote-senior-python-developer-interested-finance-capital
Cloud Python Developer,Elastic,remoteok,https://remoteok.io/remote-jobs/73894-remote-cloud-python-developer-elastic
Senior Django Developer,Soshace,remoteok,https://remoteok.io/remote-jobs/73519-remote-senior-django-developer-soshace
Senior Python Developer,Vocinity,remoteok,https://remoteok.io/remote-jobs/73506-remote-senior-python-developer-vocinity
Django Web Developer,Caktus Consulting Group,remoteok,https://remoteok.io/remote-jobs/73333-remote-django-web-developer-caktus-consulting-group
Python Developer,Clevertech,remoteok,https://remoteok.io/remote-jobs/73304-remote-python-developer-clevertech
Python Cloud Developer,Platform.sh,remoteok,https://remoteok.io/remote-jobs/73070-remote-python-cloud-developer-platform-sh
Sr Python Software Engineer,SmileDirectClub,remoteok,https://remoteok.io/remote-jobs/73036-remote-sr-python-software-engineer-smiledirectclub
Python Developer,Musement,remoteok,https://remoteok.io/remote-jobs/72846-remote-python-developer-musement
Python Django Developer,Daupler,remoteok,https://remoteok.io/remote-jobs/72664-remote-python-django-developer-daupler
Mid Level Django Backend Developer,Pivotal Energy Solutions,remoteok,https://remoteok.io/remote-jobs/72547-remote-mid-level-django-backend-developer-pivotal-energy-solutions
Senior Python Software Engineer,Namaste Technologies,remoteok,https://remoteok.io/remote-jobs/72239-remote-senior-python-software-engineer-namaste-technologies
Python Software Engineer,ReCharge Payments,remoteok,https://remoteok.io/remote-jobs/71975-remote-python-software-engineer-recharge-payments
Django Python Developer,Divio,remoteok,https://remoteok.io/remote-jobs/70700-remote-django-python-developer-divio
Python Developer,eMoney Advisor,remoteok,https://remoteok.io/remote-jobs/70262-remote-python-developer-emoney-advisor
Backend Python Django Developer,Self Decode,remoteok,https://remoteok.io/remote-jobs/70053-remote-backend-python-django-developer-self-decode
Full Stack Developer Python,REPAY Realtime Electronic Payments,remoteok,https://remoteok.io/remote-jobs/69529-remote-full-stack-developer-python-repay-realtime-electronic-payments
Python Developer,X-Team,remoteok,https://remoteok.io/remote-jobs/69088-remote-python-developer-x-team
Senior Python Developer,SmileDirectClub,remoteok,https://remoteok.io/remote-jobs/69047-remote-senior-python-developer-smiledirectclub
C Python Developer,Code Careers,remoteok,https://remoteok.io/remote-jobs/68976-remote-c-python-developer-code-careers
Senior Python Developer,VersaFeed,remoteok,https://remoteok.io/remote-jobs/68797-remote-senior-python-developer-versafeed
Django Python Senior Software Engineer,Load Impact,remoteok,https://remoteok.io/remote-jobs/68530-remote-django-python-senior-software-engineer-load-impact
Senior Embedded Linux Developer with C Python 100% Flexible hours,Analytics Fire,remoteok,https://remoteok.io/remote-jobs/68488-remote-senior-embedded-linux-developer-with-c-python-100-flexible-hours-analytics-fire
Python Developer,Arm,remoteok,https://remoteok.io/remote-jobs/68291-remote-python-developer-arm
Senior Python Developer,JBS Custom Software Solutions,remoteok,https://remoteok.io/remote-jobs/68243-remote-senior-python-developer-jbs-custom-software-solutions
Python Backend Developer,trivago N.V,remoteok,https://remoteok.io/remote-jobs/68232-remote-python-backend-developer-trivago-n-v
